day|number_commits_to_add
2025-09-10|4
2025-09-11|1
2025-09-12|1
2025-09-13|1
2025-09-15|1
2025-09-16|1
2025-09-17|1
2025-09-18|1
2025-09-19|1
2025-09-20|1
2025-09-21|2
2025-09-22|3
2025-09-23|1
2025-09-24|2
2025-09-25|1
2025-09-26|4
2025-09-27|4
2025-09-29|4
2025-09-30|3
2025-10-02|1
2025-10-03|2
2025-10-04|4
2025-10-05|1
2025-10-06|6
2025-10-07|7
2025-10-08|1
2025-10-09|6
2025-10-10|7
2025-10-11|1
2025-10-12|6
2025-10-13|3
2025-10-14|2
2025-10-15|1
2025-10-16|1
2025-10-17|1
2025-10-18|9
2025-10-19|7
2025-10-20|3
2025-10-21|1
2025-10-22|1
2025-10-23|4
2025-10-24|1
2025-10-25|4
2025-10-26|9
2025-10-28|7
2025-10-29|3
2025-10-30|9
2025-10-31|1
2025-11-03|9
2025-11-04|6
2025-11-05|7
2025-11-06|2
2025-11-07|11
2025-11-08|5
2025-11-10|2
2025-11-11|7
2025-11-12|5
2025-11-13|11
2025-11-14|9
2025-11-15|9
2025-11-17|12
2025-11-18|12
2025-11-20|9
2025-11-21|5
2025-11-22|10
2025-11-24|4
2025-11-25|4
2025-11-26|10
2025-11-28|6
2025-11-30|7
2025-12-01|5
2025-12-02|13
2025-12-03|7
2025-12-04|13
2025-12-05|5
2025-12-08|9
2025-12-09|8
2025-12-10|10
2025-12-11|12
2025-12-12|14
2025-12-13|9
2025-12-14|7
2025-12-15|9
2025-12-16|9
2025-12-17|8
2025-12-18|13
2025-12-19|9
2025-12-22|16
2025-12-24|13
2025-12-25|7
2025-12-29|13
2025-12-30|14
2025-12-31|9
2026-01-01|13
2026-01-02|15
2026-01-03|10
2026-01-05|9
2026-01-06|13
2026-01-07|12
2026-01-08|11
2026-01-09|18
2026-01-10|15
2026-01-11|16
2026-01-12|14
2026-01-13|11
2026-01-14|16
2026-01-15|12
2026-01-16|18
2026-01-19|17
2026-01-20|17
2026-01-21|10
2026-01-22|12
2026-01-23|18
2026-01-24|10
2026-01-26|13
2026-01-27|14
2026-01-28|13
2026-01-29|11
2026-01-30|13
2026-01-31|20
2026-02-02|64
2026-02-03|52
2026-02-04|62
2026-02-05|57
2026-02-06|45
2026-02-07|41
2026-02-09|56
2026-02-10|51
2026-02-11|49
2026-02-12|65
2026-02-15|58
2026-02-16|52
2026-02-17|43
2026-02-18|47
2026-02-19|43
2026-02-20|47
2026-02-21|63
2026-02-22|57
2026-02-23|58
2026-02-24|49
2026-02-25|64
2026-02-26|60
2026-02-27|55
2026-02-28|70
2026-03-01|61
2026-03-02|55
2026-03-03|54
2026-03-04|50
2026-03-05|48
2026-03-06|60
2026-03-07|59
2026-03-09|47
2026-03-10|69
2026-03-11|47
2026-03-13|49
2026-03-16|51
2026-03-17|68
2026-03-18|53
2026-03-19|73
2026-03-20|70
2026-03-21|62
2026-03-23|69
2026-03-24|52
2026-03-25|62
2026-03-26|63
2026-03-27|70
2026-03-30|68
2026-03-31|60
2026-04-01|70
2026-04-02|80
2026-04-03|83
2026-04-04|54
2026-04-06|75
2026-04-07|78
2026-04-08|58
