day|actual_commits|commits_to_add|commits_added
2025-09-10|4|2|2
2025-09-11|0|0|0
2025-09-12|0|0|0
2025-09-13|0|0|0
2025-09-14|6|3|3
2025-09-15|2|0|0
2025-09-16|0|0|0
2025-09-17|0|0|0
2025-09-18|0|0|0
2025-09-19|0|0|0
2025-09-20|14|10|10
2025-09-21|12|0|0
2025-09-22|2|0|0
2025-09-23|12|0|0
2025-09-24|9|0|0
2025-09-25|49|0|0
2025-09-26|10|0|0
2025-09-27|8|4|4
2025-09-28|14|9|9
2025-09-29|2|10|10
2025-09-30|4|0|0
2025-10-01|7|12|12
2025-10-02|4|8|8
2025-10-03|3|0|0
2025-10-04|17|6|6
2025-10-05|15|12|12
2025-10-06|38|12|12
2025-10-07|10|0|0
2025-10-08|12|5|5
2025-10-09|3|6|6
2025-10-10|2|0|0
2025-10-11|9|0|0
2025-10-12|22|8|8
2025-10-13|20|0|0
2025-10-14|155|13|13
2025-10-15|8|5|5
2025-10-16|2|0|0
2025-10-17|1|11|11
2025-10-18|2|0|0
2025-10-19|7|10|10
2025-10-20|13|6|6
2025-10-21|16|8|8
2025-10-22|3|0|0
2025-10-23|14|4|4
2025-10-24|24|13|13
2025-10-25|14|0|0
2025-10-26|4|9|9
2025-10-27|1|3|3
2025-10-28|1|8|8
2025-10-29|0|0|0
2025-10-30|3|14|14
2025-10-31|0|0|0
2025-11-01|3|0|0
2025-11-02|0|0|0
2025-11-03|4|12|12
2025-11-04|12|14|14
2025-11-05|39|4|4
2025-11-06|23|17|17
2025-11-07|12|12|12
2025-11-08|3|0|0
2025-11-09|0|0|0
2025-11-10|9|10|10
2025-11-11|45|3|3
2025-11-12|1|5|5
2025-11-13|5|4|4
2025-11-14|0|0|0
2025-11-15|4|13|13
2025-11-16|0|0|0
2025-11-17|0|0|0
2025-11-18|2|19|19
2025-11-19|5|5|5
2025-11-20|4|16|16
2025-11-21|0|0|0
2025-11-22|0|0|0
2025-11-23|0|0|0
2025-11-24|0|0|0
2025-11-25|1|6|6
2025-11-26|0|0|0
2025-11-27|0|0|0
2025-11-28|0|0|0
2025-11-29|0|0|0
2025-11-30|0|0|0
2025-12-01|0|0|0
2025-12-02|2|3|3
2025-12-03|1|5|5
2025-12-04|1|2|2
2025-12-05|1|7|7
2025-12-06|0|0|0
2025-12-07|0|0|0
2025-12-08|0|0|0
2025-12-09|0|0|0
2025-12-10|3|18|18
2025-12-11|1|16|16
2025-12-12|0|0|0
2025-12-13|0|0|0
2025-12-14|0|0|0
2025-12-15|0|0|0
2025-12-16|1|6|6
2025-12-17|4|17|17
2025-12-18|3|24|24
2025-12-19|2|6|6
2025-12-20|0|0|0
2025-12-21|0|0|0
2025-12-22|0|0|0
2025-12-23|2|9|9
2025-12-24|0|0|0
2025-12-25|0|0|0
2025-12-26|0|0|0
2025-12-27|0|0|0
2025-12-28|0|0|0
2025-12-29|1|14|14
2025-12-30|0|0|0
2025-12-31|2|25|25
2026-01-01|9|8|8
2026-01-02|0|0|0
2026-01-03|0|0|0
2026-01-04|7|24|24
2026-01-05|29|21|21
2026-01-06|14|15|15
2026-01-07|10|30|30
2026-01-08|3|25|25
2026-01-09|1|17|17
2026-01-10|1|11|11
2026-01-11|0|0|0
2026-01-12|2|36|35
2026-01-13|0|0|0
2026-01-14|2|19|14
2026-01-15|16|29|22
2026-01-16|2|21|16
2026-01-17|2|33|25
2026-01-18|3|26|20
2026-01-19|0|0|0
2026-01-20|0|0|0
2026-01-21|0|0|0
2026-01-22|4|17|13
2026-01-23|1|26|20
2026-01-24|2|32|24
2026-01-25|32|13|10
2026-01-26|0|0|0
2026-01-27|3|17|13
2026-01-28|1|38|29
2026-01-29|0|0|0
2026-01-30|6|19|14
2026-01-31|0|0|0
2026-02-01|2|38|29
2026-02-02|62|32|24
2026-02-03|0|0|0
2026-02-04|2|20|15
2026-02-05|0|0|0
2026-02-06|4|23|17
2026-02-07|9|23|17
2026-02-08|4|25|19
2026-02-09|1|33|25
2026-02-10|0|0|0
2026-02-11|3|29|22
2026-02-12|2|30|23
2026-02-13|1|42|32
2026-02-14|11|32|24
2026-02-15|0|0|0
2026-02-16|6|36|27
2026-02-17|0|0|0
2026-02-18|5|52|40
2026-02-19|10|43|33
2026-02-20|3|51|39
2026-02-21|23|42|32
2026-02-22|3|45|34
2026-02-23|7|38|29
2026-02-24|6|50|38
2026-02-25|18|43|33
2026-02-26|5|41|31
2026-02-27|10|59|45
2026-02-28|39|51|39
2026-03-01|17|25|25
2026-03-02|1|44|44
2026-03-03|0|0|0
2026-03-04|2|55|55
2026-03-05|21|31|31
2026-03-06|13|42|42
2026-03-07|4|39|39
2026-03-08|8|46|46
2026-03-09|4|48|48
2026-03-10|0|0|0
2026-03-11|10|48|48
2026-03-12|3|66|66
2026-03-13|0|0|0
2026-03-14|3|67|67
2026-03-15|8|56|56
2026-03-16|69|57|57
2026-03-17|5|59|59
2026-03-18|9|74|74
2026-03-19|3|60|60
2026-03-20|0|0|0
2026-03-21|3|69|69
2026-03-22|42|55|55
2026-03-23|22|59|59
2026-03-24|25|84|84
2026-03-25|38|58|58
2026-03-26|6|87|87
2026-03-27|4|71|71
2026-03-28|0|0|0
2026-03-29|15|85|85
2026-03-30|16|91|91
2026-03-31|9|77|77
2026-04-01|12|89|89
2026-04-02|2|79|79
2026-04-03|11|72|72
2026-04-04|2|74|74
2026-04-05|0|0|0
